convexHull,Elipse,Rec,Circle,Area,Classe
1537,5369.896139664017,6734.0,7689.716598783349,5326.5,bons
751,5375.4183138535145,6290.0,7330.151049224662,5315.0,bons
1052,5116.571327593344,6177.0,6483.734372440294,5090.0,bons
931,6206.307245809235,7954.0,7854.012792990141,6162.0,bons
801,5571.591637933347,6935.0,7895.37321255697,5521.0,bons
1638,5877.650840776963,7703.0,9149.922180970494,5827.0,bons
850,4959.151596093568,6208.0,6469.3528865884255,4921.0,bons
648,4819.620754999458,6120.0,6247.0317584634395,4784.0,bons
506,5391.839220174426,6512.0,6664.132077450225,5368.0,bons
480,4672.758696986325,5976.0,5817.948156829428,4661.0,bons
1031,4905.537656670452,6232.0,5784.751877856305,4857.0,bons
742,6386.377381924868,8000.0,8189.1893174159895,6356.0,bons
1180,5506.317085968834,6932.5,8178.540215469006,5488.0,bons
614,4404.410477085842,5395.0,5853.679819715513,4391.0,bons
738,4359.248981924432,5726.0,7003.425209733086,4318.5,bons
750,3869.145429408354,4960.0,5227.63562483101,3838.0,bons
497,4111.095289750561,5092.0,4907.086865074297,4088.0,bons
422,5265.271351634899,6688.0,6573.025742519213,5233.5,bons
973,4361.0211523512435,5293.0,5611.985570513153,4305.0,bons
606,5484.878489121657,6510.0,7914.359906010723,5409.5,bons
666,5059.050838165643,6231.0,7177.66283879451,5029.5,bons
572,4607.299333535147,5655.0,6253.224928343447,4589.0,bons
1293,5480.016624983101,6901.0,9350.444093917158,5435.5,bons
703,4441.794388049778,5472.0,5838.4384686583735,4396.5,bons
833,4818.572181336647,6220.0,6836.920233519782,4780.5,bons
503,4215.1123673301,4992.0,5452.1171173338325,4189.5,bons
572,5556.304653886769,6499.0,7803.0774989397905,5486.0,bons
761,5744.650904529621,7102.0,7590.9035907397265,5720.5,bons
599,4521.720614438472,5655.0,6257.514798648164,4488.5,bons
674,3919.0664706761013,5025.0,5105.112723524102,3893.5,bons
576,4733.381359915113,5487.0,7047.988659720085,4701.5,bons
512,4438.758077014001,5522.0,6277.689714191291,4413.5,bons
540,5196.560722312749,6532.0,7540.34163335029,5161.0,bons
426,4091.6515618619123,4977.0,5562.215712180908,4056.5,bons
648,4979.302440287512,6375.0,6473.279955522495,4959.5,bons
607,3975.8940312671175,4960.0,5284.787585305853,3956.5,bons
687,3746.160199953062,4800.0,4873.419863219254,3711.0,bons
572,3833.602514348533,4800.0,4746.162632510396,3812.0,bons
870,4254.501138123032,5487.0,7648.238018529304,4170.5,bons
810,4148.347915941731,5256.0,4900.551885327189,4129.0,bons
461,4068.521868399739,4928.0,5267.4312389066445,4045.5,bons
1081,4532.775116728029,5644.0,5881.87388501381,4513.0,bons
724,4663.044294322347,5836.0,6206.165398663064,4594.0,bons
810,4597.066842890908,5576.0,5713.072366288362,4572.0,bons
527,3803.34621384728,4697.0,4918.934019318568,3783.0,bons
672,3678.15447238186,4466.0,4780.535077439164,3633.5,bons
1117,4358.589533841052,5124.0,6121.045784953948,4308.5,bons
1118,4286.565758581487,5084.0,5722.012214562365,4246.5,bons
982,4045.084487400574,5211.5,6432.402325224086,4020.0,bons
1861,4109.288289140476,5419.0,6298.883369303867,4025.0,bons
614,3943.9900685472167,4680.0,5126.389345298607,3898.5,bons
652,4314.813853300429,5015.0,5978.67407290801,4274.0,bons
595,3761.6890759305866,4284.0,5821.028486578257,3704.0,bons
698,3803.300040267051,4543.0,4897.355583861591,3776.5,bons
624,4067.796584602381,5154.5,5811.973446114447,4045.5,bons
721,3957.0507666885073,4740.0,5318.796920139159,3931.0,bons
1050,4051.020964733975,5037.0,5234.863524951205,4031.0,bons
640,3293.9188564655315,3975.0,4836.51550089289,3240.5,bons
683,4586.940450098116,5670.0,6110.425093874962,4558.0,bons
597,3542.9484617412927,4543.0,5557.503848680377,3533.5,bons
850,4202.148884918486,5015.0,6118.476219094656,4176.0,bons
863,3939.9249900839704,4860.0,5656.464428765734,3918.0,bons
884,4073.5586100402456,5040.0,5633.687427402373,4054.0,bons
506,3535.176548880532,4352.0,4675.893056050561,3495.5,bons
689,4550.696052619057,5432.0,7668.3818449967375,4429.0,bons
637,4544.037054411041,5950.0,6128.19664910757,4518.5,bons
687,3826.7989873260267,4891.0,5982.475449373342,3778.5,bons
648,4009.311771519369,4851.0,5067.6226573492095,3974.5,bons
935,4462.204085028814,5665.5,6265.934105011988,4412.0,bons
1136,4042.9877957787116,5025.0,5065.839991566893,4007.5,bons
639,3445.9215120473123,4224.0,4515.2774839268295,3416.5,bons
711,3290.058877763068,4026.0,4193.015464554594,3271.5,bons
870,3215.3989710531787,3876.0,4006.5362543394353,3185.5,bons
878,3494.141590180146,4248.0,4326.830874229106,3456.0,bons
703,3784.2604514604623,4608.0,4516.676947506505,3769.5,bons
1145,3160.553190776616,4048.0,4213.684211681731,3123.0,bons
528,4096.412791467654,5135.0,5309.316716206909,4080.5,bons
840,3587.3059922844527,4284.0,4396.878907041467,3542.0,bons
717,4237.407642890184,5120.0,5381.326181355772,4208.5,bons
807,3840.624537648538,4620.0,4991.701200848376,3818.0,bons
666,3354.1073970499183,3990.0,4292.656114198617,3323.0,bons
543,3477.8310780410466,4332.0,4798.762128301269,3440.5,bons
1145,3467.6919061376675,4320.0,4778.481142579344,3423.0,bons
639,3316.9462812692445,3740.0,4072.655221240602,3260.0,bons
724,3863.544980059045,4698.0,5403.803420145732,3799.5,bons
724,3401.5164009642663,4144.0,4729.562756620444,3328.5,bons
779,3606.77019996203,4514.0,4538.11122443262,3579.0,bons
1235,3845.0235954910004,4872.0,5789.7834006710145,3799.5,bons
683,3567.4709723842348,4266.0,5128.67555047168,3525.5,bons
1210,3702.3610437223992,4307.0,5335.235016318132,3612.0,bons
618,3826.329700116068,4524.0,5444.406441340656,3795.5,bons
605,4394.498097206313,5124.0,5958.010945810719,4357.0,bons
587,4053.053500325515,4816.0,5923.821536341861,3963.5,bons
510,3490.7645332795764,4134.0,4962.748555014647,3438.0,bons
788,3630.8914517653307,4510.0,5382.0523465015685,3611.5,bons
1231,3112.7335588615742,3850.0,4280.442603444298,3062.5,bons
572,4469.493591125705,5146.0,5980.542714162522,4406.5,bons
524,2921.31168187678,3520.0,3513.009327606629,2902.0,bons
1228,2819.335756507858,3720.0,3566.925687077496,2799.0,bons
806,3428.186267156615,3927.0,5027.358411989773,3370.5,bons
889,3183.2374226237757,3942.0,4309.161079886904,3141.0,bons
678,3463.5330420935443,4165.0,5758.821477485904,3426.0,bons
905,3245.574757276712,4125.0,4468.565958892773,3221.0,bons
722,3351.8625400092174,4118.0,4713.9834945795665,3311.5,bons
1075,4034.877577297067,5214.0,5489.7754052943965,4014.5,bons
629,4056.6570610667754,4672.0,5366.651690836729,4012.0,bons
768,4828.981985047008,6106.0,6306.078276264256,4799.0,bons
831,4429.916439310724,5330.0,6473.279955522495,4345.5,bons
1357,4260.211605241766,5135.0,5652.58915770139,4182.0,bons
666,3856.2711517914727,4745.0,4913.096333040119,3827.5,bons
845,4007.187277816673,5016.0,5216.4505494637715,3952.5,bons
801,4326.576196666295,5226.0,5255.683071182543,4301.0,bons
870,3741.966770884755,4588.0,4778.386730149087,3714.5,bons
2105,4851.511005870422,6141.0,7100.028460555358,4712.5,bons
2721,5253.050046010521,6510.0,7616.844503254559,5164.0,bons
2627,4127.818639071449,5100.0,5215.929015064296,4026.0,bons
744,3539.5061235794624,4307.0,4638.670884752921,3522.5,bons
486,4504.100692662577,5710.0,7100.028460555358,4489.5,bons
633,4131.171897563828,5146.0,5756.994987142393,4107.5,bons
486,3222.804955374358,4148.0,3919.618398545381,3206.0,bons
648,4400.8551809981755,5184.0,6473.279955522495,4346.0,bons
710,4416.474329947749,5610.0,6356.255740591932,4402.5,bons
539,3557.868170697617,4560.0,5205.801381407703,3533.0,bons
710,3111.434846515895,3990.0,3991.637729930355,3092.0,bons
553,4173.143770971936,5262.5,5144.696167359022,4156.5,bons
764,3782.3915432605686,4620.0,4918.6665686342185,3764.0,bons
969,3401.37568471327,4485.0,4355.87385786883,3378.0,bons
520,3627.326641983643,4290.0,4502.711125079863,3599.0,bons
500,4553.205375262097,5418.0,6147.679740065884,4524.5,bons
710,3899.7603766770276,5083.5,5318.741692228455,3870.5,bons
843,3241.6927004448225,4221.0,4072.311759988965,3229.5,bons
423,3452.246347614764,4209.0,4282.367101235927,3435.5,bons
547,3718.168672939275,4524.0,5135.4131830203205,3692.5,bons
525,4593.376623400854,5815.5,6063.301540303818,4580.5,bons
475,4348.259081330868,5508.0,5790.767122949304,4316.5,bons
543,3588.8947103975333,4459.0,4952.361709590329,3574.5,bons
435,3930.8303560481404,4592.0,5627.897387973202,3911.0,bons
512,3330.5441472530233,4320.0,4273.374784143609,3323.5,bons
482,4133.4941001457555,5177.5,5263.135363964564,4110.5,bons
472,3223.1014555934225,3976.0,4160.277069112992,3203.0,bons
494,3107.8435540482174,3953.0,3934.081772693026,3072.5,bons
704,3677.3251282496967,4818.0,6115.13733019157,3640.5,bons
435,3224.494066939766,3991.5,3945.477643284618,3199.5,bons
618,3891.734959480954,5005.0,4916.845821085347,3872.0,bons
407,3969.5335432803367,4890.0,5153.443891944177,3950.0,bons
369,3500.780972428358,4420.0,4117.079694071331,3490.0,bons
506,3453.4911083382617,4340.0,4280.442603444298,3442.0,bons
567,3943.1126148637145,4800.0,4794.411851615239,3911.0,bons
435,3097.0595149571086,3795.0,4027.7894132865163,3062.0,bons
471,3128.674151774682,3990.0,4095.84031789086,3099.5,bons
504,3666.131893737042,4543.0,5033.641572648567,3649.5,bons
684,3755.5136194357274,4588.0,4680.444574495574,3730.5,bons
923,3461.3847043070864,4588.0,5345.494640393295,3451.0,bons
1114,3570.7782594211235,4471.5,5293.533528264979,3508.0,bons
461,3530.5439832916263,4466.0,4943.51258978673,3499.0,bons
486,3242.618705136132,3773.0,4914.432901769572,3216.0,bons
534,3790.2751550757303,4582.0,5186.054753355624,3770.5,bons
523,3516.759345179947,4307.0,4629.716598612425,3493.5,bons
395,3464.9602928879945,4176.0,4505.133319620754,3433.5,bons
527,3372.5012784176624,4118.0,4213.684211681731,3359.5,bons
527,3657.0559626557397,4556.0,4577.816554796763,3644.0,bons
405,3002.9088956456967,3417.0,4128.245620933347,2980.0,bons
689,4026.4525680031443,5168.0,5043.066468560809,3996.0,bons
692,3144.0595181913714,4131.5,5080.765525993575,3120.5,bons
527,3546.5562218917157,4466.0,5036.783184860822,3536.0,bons
405,3802.203884985018,4740.0,5296.941219307368,3786.5,bons
586,3263.039348339008,3906.0,4347.987831530008,3238.0,bons
403,4195.374790279214,5390.0,5355.069417256384,4174.5,bons
980,3711.566463274742,4824.0,6007.538234699453,3664.0,bons
551,4237.7582440875485,5115.0,6823.458898270165,4181.5,bons
458,3321.643602424051,4224.0,4439.103110257015,3285.5,bons
572,3652.3804992783917,4650.0,4859.188758014382,3639.5,bons
480,3715.644522323322,4608.0,4518.664740168494,3699.5,bons
615,3825.068843790078,4970.0,4543.552237464012,3806.5,bons
782,3975.97019137204,5064.5,5411.419645669811,3950.0,bons
635,3076.896496768549,3705.0,3940.365033216733,3058.5,bons
614,3087.5134472128643,3762.0,3747.9417752460695,3075.0,bons
506,3348.171542790128,4140.0,3972.8281526448754,3332.5,bons
1008,3912.0542620395454,5005.0,5041.981374374852,3885.5,bons
591,3624.1805767665874,4536.0,4446.162348846089,3610.5,bons
429,4115.507210777672,4914.0,5176.436793514225,4083.5,bons
833,3266.1808834658586,3990.0,4280.442603444298,3236.0,bons
519,3848.4052877757604,4712.0,4852.4973606970425,3837.0,bons
482,3484.52752970652,4270.0,4386.47193285642,3466.0,bons
559,3023.3585629093814,3906.0,4093.5204042289843,3000.0,bons
568,3378.2600436859225,4176.0,4417.967134827715,3344.0,bons
801,3306.467382830663,3933.0,4117.78254496252,3265.5,bons
516,3646.514933401892,4332.0,4847.9081145127475,3627.0,bons
687,3494.0565205892963,4473.0,4790.952706628995,3467.0,bons
572,3904.9595505395796,4819.0,5161.415976595766,3866.0,bons
405,3732.7743879979103,4503.0,5474.251295121696,3712.0,bons
528,3673.478722836661,4599.0,4401.660404927716,3655.5,bons
483,3363.1190440538276,4047.0,4349.46547130167,3320.5,bons
527,4145.364416194168,4897.0,5709.1195084384335,4097.0,bons
446,4480.714122311078,5208.0,6202.317024382622,4453.0,bons
428,3650.8338105601183,4331.0,4888.000782342845,3616.5,bons
568,3956.2762415566435,4897.0,5568.864920948788,3920.0,bons
543,3615.5463166388586,4400.0,5266.687332465966,3583.0,bons
489,4683.059777488887,5695.0,6088.126653688475,4649.0,bons
625,2981.9901440463555,3809.0,3777.7868398587034,2962.5,bons
543,3689.8591678110747,4484.0,4759.938152073702,3655.0,bons
504,3079.886681211996,3740.0,3866.5050279934485,3064.0,bons
543,3390.22541500154,4331.0,4386.496114568737,3361.0,bons
683,3582.2094134708477,4420.0,5863.024065540996,3559.0,bons
476,3525.362078516013,4440.0,4618.899608969524,3500.0,bons
571,3478.7466736901606,4350.0,4678.0228651506195,3462.0,bons
609,3826.191641982764,4720.0,5392.569371977939,3804.5,bons
520,3315.972996445145,4118.0,4207.998858951512,3298.5,bons
1054,6346.707120689655,8074.5,8974.312032494196,6271.0,bons
965,6097.937662207515,7600.0,7679.65461970432,6062.0,bons
1082,6685.806497531402,8528.0,9046.451353455046,6632.5,bons
801,7069.6390733959515,8684.0,10815.023897560346,7003.5,bons
728,6884.448890875479,8692.0,9858.95230320326,6854.0,bons
1144,6875.133840243831,8580.0,9817.511748875639,6822.0,bons
1080,5657.290227656692,7268.0,7164.4319620507,5619.0,bons
994,6762.351832453151,8742.0,8290.900198201793,6743.0,bons
1016,5911.017652200739,6935.0,7808.334327004924,5861.0,bons
683,8667.200292673699,10509.0,10935.762411569847,8618.0,bons
1076,6769.969960602994,8036.0,8129.847205029832,6648.5,bons
1280,7176.386789905174,8991.0,9894.783984241834,7143.5,bons
768,7448.213654225983,8658.0,10307.603963803414,7328.0,bons
1499,5923.279301528679,7327.0,8272.807424808723,5876.0,bons
724,6675.592160254935,7920.0,8803.292237053784,6568.5,bons
1024,5945.703040139513,7526.0,9506.961810107143,5865.5,bons
936,5537.862717997315,6825.0,7174.92840390008,5497.0,bons
517,6017.387576604992,7347.0,7063.115103663478,5998.5,bons
562,6223.1033077430775,7752.0,8342.027476176907,6178.0,bons
916,6638.0505874338305,8262.0,8794.136538542809,6556.5,bons
678,5452.864959609997,6512.0,6699.3249587735745,5402.0,bons
1190,5318.088502884908,6975.0,8137.541510952697,5268.5,bons
779,5401.26766813602,6840.0,6674.193669105434,5355.0,bons
938,4854.407960479044,6030.0,6777.2296078174695,4841.0,bons
972,5758.788095498839,7200.0,7646.667578028073,5718.0,bons
973,4676.689178508349,5938.0,6592.958150311456,4626.5,bons
1004,6154.727315851944,7600.0,8398.294216313854,6095.0,bons
648,5237.910865724998,6512.0,6749.033758437728,5201.5,bons
801,5538.029550263074,6862.0,7455.703356893865,5512.0,bons
590,4872.467565000256,6074.0,5836.4971177762645,4842.5,bons
702,4350.914012248861,5360.0,5427.710226549756,4321.0,bons
615,5247.982680912848,6205.0,6420.36181182419,5203.5,bons
472,4351.789058799273,5320.0,5442.049910267209,4309.0,bons
1216,4940.253744563888,6328.5,6582.480739962517,4869.5,bons
710,5174.953555587869,6552.0,5821.732145779596,5143.0,bons
893,4927.412927584205,6035.0,6191.491956777367,4877.5,bons
671,4537.520929565475,5702.0,6309.675121495435,4487.0,bons
477,4726.838660137908,6020.0,6469.461653615009,4716.5,bons
1050,5929.65457420497,7490.0,9034.995056066848,5882.0,bons
655,4264.439521506558,5184.0,5230.751127501849,4238.0,bons
630,5097.477501526321,6648.0,8627.019516944067,5067.5,bons
527,4923.053141436012,5980.0,7178.569086100147,4900.0,bons
801,5544.569675335044,7120.0,7150.805049806765,5513.0,bons
472,4623.074293030147,5733.0,6648.876943796857,4588.5,bons
578,4129.848530018658,5312.0,6372.7486705121855,4094.5,bons
698,4806.827763706169,6080.0,5590.167867167378,4773.0,bons
640,3833.5157599075023,4466.0,5363.509834548843,3814.0,bons
595,4379.444990832879,5475.0,5442.049910267209,4358.5,bons
629,4190.63324133988,5120.0,5438.907997473931,4175.5,bons
603,4259.89180796472,5146.0,5675.920811406418,4212.5,bons
1109,4279.9504830576,5184.0,5527.864919957857,4234.5,bons
458,4497.651691683229,5490.0,6645.2827784347,4466.5,bons
687,4081.563434084978,4928.0,6259.207193881778,4059.5,bons
1049,4506.659068033088,5670.0,6390.816335414951,4432.5,bons
843,4355.58726240307,5676.0,6155.1930587704055,4308.0,bons
543,3997.691772305932,5168.0,5994.971500098275,3974.0,bons
720,4419.512721663565,5427.0,5643.8977649752305,4390.0,bons
801,3880.1935328376826,4897.0,5811.973446114447,3864.0,bons
543,3406.403038826748,4332.0,4831.79376192176,3379.0,bons
659,3509.927670874091,4332.0,4754.887483453767,3449.5,bons
683,4329.004995669122,5248.0,5406.841709721294,4305.0,bons
763,3850.588438100346,4800.0,4801.419155203298,3830.0,bons
718,3794.224942282736,4776.5,4383.1865267783205,3779.5,bons
543,3510.915227471433,4293.5,4375.122850267404,3485.0,bons
840,4117.965537603641,5229.0,5449.608178260371,4076.5,bons
733,4295.559725218127,5408.0,5958.0579167265605,4253.0,bons
724,4217.06883034937,5368.0,6800.006799576371,4186.5,bons
814,3253.28814610602,3834.0,4203.220307381635,3228.5,bons
687,3285.0164103555576,4248.0,4270.311401780295,3251.0,bons
702,4441.203971935891,5549.0,5656.464428765734,4404.0,bons
683,3519.027724290402,4350.0,4648.172223379732,3503.0,bons
527,4229.699348286305,4902.0,6153.97941714152,4164.5,bons
543,3905.518596920094,4858.0,5340.7331944033185,3877.5,bons
543,3648.8561117635168,4131.0,5476.351595757682,3604.0,bons
570,3575.6451992830816,4189.0,4657.435028668752,3503.0,bons
890,4495.064238627846,5848.0,5941.563735746517,4471.5,bons
710,4414.172172011892,5583.0,5963.053547349713,4386.0,bons
687,3264.274595503142,4144.5,4337.966667410928,3228.0,bons
768,4562.0750673725815,5428.0,6777.830773941881,4499.5,bons
472,3707.576531629594,4560.0,4961.385429162389,3687.5,bons
476,3121.9544759346736,3770.0,3707.271075549505,3096.0,bons
674,2976.701721491426,3886.0,3767.6858850009776,2950.0,bons
801,3778.425357124813,4543.0,4911.979821375625,3758.0,bons
543,2867.531957816046,3536.0,3771.209425210022,2853.0,bons
1065,3812.5009133216704,4928.0,4952.983147858218,3798.0,bons
852,3342.9300383102104,4161.0,4763.464482218342,3325.0,bons
1111,2964.575031523462,3740.0,3657.872658586426,2922.5,bons
710,3846.25959995765,4565.0,5664.257628733736,3808.5,bons
527,3579.7759335799224,4582.0,5230.777534032781,3568.0,bons
1145,3998.821196895502,5270.0,5702.802682973071,3982.5,bons
635,4355.931572003278,5307.0,6699.475488364057,4318.0,bons
724,3100.570726672896,3796.0,4232.115317890462,3077.5,bons
761,3069.48735801762,3944.0,3881.44050486641,3029.5,bons
771,3957.193876890947,4897.0,5588.677662318044,3943.5,bons
524,3409.780438936242,4389.0,4961.385429162389,3394.5,bons
819,2878.4502560517926,3640.0,3961.570708333899,2859.5,bons
903,3669.790990054485,4526.0,4456.820402553469,3633.5,bons
713,3046.2324922188195,3888.0,4450.089177515065,3011.0,bons
959,3200.415530583301,4060.0,4179.126115933187,3168.5,bons
589,3318.191953035925,3990.0,4210.026331884675,3294.5,bons
979,3551.5999852022114,4424.0,5185.224108845866,3514.5,bons
666,3766.9969080719,4592.0,5414.520773199282,3709.5,bons
502,3258.828681485455,3905.0,4243.649238264565,3232.0,bons
734,3383.6914260449134,4180.0,4908.762740726502,3347.0,bons
849,5768.73578621748,7347.0,7089.880734104975,5740.5,bons
1279,5959.805871453285,7376.0,8454.843334195826,5856.0,bons
508,6065.034495406433,7585.0,7851.525059991173,6051.5,bons
807,6340.358648958531,7810.0,10239.270880044765,6302.0,bons
1655,6960.441829864337,8505.0,9621.161972972051,6881.5,bons
832,6176.030278119384,8010.0,7473.114863613809,6139.5,bons
717,5162.669160121192,6354.5,6576.989631105598,5127.0,bons
631,5405.498133399056,6440.0,7071.960849964911,5372.5,bons
939,6503.5660712584495,7680.0,8196.447641560038,6431.5,bons
903,6256.6747915647375,7965.0,8902.488289350933,6214.0,bons
588,7950.280798104131,9810.0,10029.261049136736,7904.5,bons
1083,6794.8009131527515,8640.0,9312.975277572048,6764.0,bons
948,7024.736164653909,8208.0,9733.474239604173,6978.0,bons
1319,6795.82970858884,8181.0,8903.9773408933,6634.5,bons
596,5866.011528478236,7280.0,8276.740078528428,5819.5,bons
1326,5504.546662119666,6900.0,7260.566100079878,5471.0,bons
801,5645.682947257158,7313.0,9030.463401365856,5627.0,bons
532,5883.33393317015,7371.0,6834.268268259813,5864.0,bons
570,6346.348073697427,8000.0,8405.421441968554,6278.0,bons
781,5842.339585135602,7275.0,7651.769733433691,5804.0,bons
683,5239.799894541191,6351.0,6343.719120956524,5198.0,bons
2146,5835.242350196741,7254.0,8724.236255158221,5748.0,bons
754,5679.282847795288,6930.0,7136.17095789204,5619.0,bons
2188,5054.693664605955,6377.5,6827.165728124108,4956.0,bons
880,4779.260023659256,6052.0,6334.263969305242,4742.0,bons
824,5711.02458651912,7238.0,7582.755127509307,5677.0,bons
1185,6105.367828296259,7700.0,8057.245368705532,6084.5,bons
1085,5444.121443087621,6586.0,7203.702106912306,5417.5,bons
1024,5670.095306406111,7144.0,7508.131204225313,5640.0,bons
1199,4973.9677217236185,6216.0,5987.701044660703,4933.0,bons
1167,4482.351614471565,5494.0,5696.518952382239,4417.0,bons
863,5517.6036256407315,6351.0,6645.584827322535,5460.5,bons
807,4664.353394822792,5467.0,5714.1006605072735,4582.5,bons
1150,5339.207085668547,6952.0,7397.5728423406035,5245.0,bons
1493,5513.507356205799,7052.0,6529.523682981419,5497.5,bons
1167,5378.173936664745,6450.0,7331.063398649483,5262.5,bons
781,4606.336601509425,5892.5,6361.753166636514,4561.5,bons
1562,5228.705174438045,6512.0,7377.336312789543,5189.5,bons
781,6300.163241270117,7668.0,9484.122998575449,6259.0,bons
1267,5219.062421444323,6788.0,8644.840282774197,5177.0,bons
872,4528.3291713239405,5550.0,6088.483293572347,4467.5,bons
734,5337.275794522221,6555.0,7580.088216397298,5277.0,bons
527,5717.0832451790975,7371.0,7471.421073421288,5686.5,bons
1086,4930.930189042571,6270.0,7138.514101672903,4853.5,bons
869,4439.129167428367,5695.0,6547.1074087491725,4405.0,bons
998,5439.385864939302,6804.0,6560.512527482974,5407.5,bons
729,4176.0062484837845,4960.0,5656.464428765734,4148.5,bons
437,4787.499680589698,6004.0,5989.68412465343,4774.0,bons
1066,4466.039589810035,5494.0,5641.783857435822,4449.0,bons
849,4467.639598360584,5590.0,6035.755385151888,4428.0,bons
500,4208.084876787803,5130.0,6535.4737626681335,4187.0,bons
801,4782.527281057642,5888.0,6902.108004369718,4762.0,bons
427,4564.233334269495,5561.0,5764.56962859947,4523.0,bons
878,4600.78663239914,5917.5,6689.656977464763,4558.5,bons
781,4520.438005588505,5810.0,6607.338897333692,4470.5,bons
559,4411.236535446184,5840.0,6699.475488364057,4386.5,bons
486,4862.472627863417,5964.0,5933.233034763838,4840.0,bons
602,4473.243584292064,5568.0,6469.3528865884255,4450.5,bons
861,3825.1869862941594,4697.0,5047.878779166005,3799.0,bons
572,3761.973547297995,4758.0,5151.118203186568,3737.0,bons
572,4743.530124331933,5644.0,5826.456636409114,4705.0,bons
998,4261.574525328972,5451.0,5269.261786439725,4237.5,bons
626,4077.336835337809,5100.5,4875.7764259083715,4050.0,bons
409,4418.87525843848,5561.0,5687.094242331224,4395.0,bons
905,4602.208307095907,5845.5,6335.484495382173,4566.5,bons
739,3865.8229108838473,4774.0,4784.1971681347295,3837.0,bons
852,4433.918979143706,5824.0,7239.045191135502,4397.0,bons
800,3700.185100529631,4725.0,4833.364598290771,3668.5,bons
650,3720.7575309329736,4484.0,4877.987165228596,3690.0,bons
744,5000.192889232139,6356.5,6083.629456212069,4972.5,bons
839,3991.009597772255,4992.0,5188.455524350972,3971.5,bons
890,4700.268996471648,5429.0,6716.754448611775,4634.5,bons
1107,4307.372623304428,5420.5,5981.185878714051,4281.5,bons
738,4030.1321621286434,4704.0,5753.382878348522,3983.0,bons
623,4886.687665371326,6177.0,6346.691057550207,4870.0,bons
530,4036.7734596715377,4800.0,4858.957813410613,3994.0,bons
768,3565.8625682995657,4530.5,4487.78850021488,3539.0,bons
590,5036.33327546365,6368.5,6820.334905289146,5006.5,bons
624,5075.650855595297,6110.0,7223.8233655797685,5022.0,bons
689,4297.929407618077,5508.0,5776.7353856830105,4268.5,bons
724,3667.6215175807342,4420.0,4339.421224265161,3652.5,bons
563,3501.0940841055963,4300.0,4380.1377256958385,3479.5,bons
971,4196.746178995699,5184.0,5295.286930285715,4175.5,bons
845,4420.187516200494,5593.5,5532.444510690227,4400.0,bons
625,3386.2717067445556,4248.0,4231.4353227573865,3373.0,bons
639,4364.321177914234,5394.0,6221.166583798524,4327.0,bons
977,3426.7309079936927,4270.0,4201.701105807535,3401.5,bons
458,3847.367360411451,4774.0,5554.519256590857,3838.0,bons
923,4460.564038842947,5808.0,6145.768203584339,4439.5,bons
687,4806.655121736424,6072.0,7400.844948488524,4779.0,bons
461,4244.732498128675,5460.0,6170.900555487081,4237.5,bons
710,3587.819408100979,4484.0,4615.210401533969,3559.0,bons
640,3662.0425600814356,4680.0,4412.070100447649,3630.0,bons
543,4772.310135247822,5963.0,6410.046328063617,4745.0,bons
543,3384.117016414289,4292.0,4605.80707008587,3368.5,bons
979,4184.575186232997,5460.0,6165.403415455602,4159.5,bons
748,4296.714522680169,5372.0,5005.002654777906,4262.5,bons
713,3576.265120915889,4500.0,5055.633247934595,3532.5,bons
500,3717.771476978835,4736.0,4875.778314408155,3679.5,bons
650,3957.0655355175622,4800.0,4869.174579059409,3922.0,bons
973,4090.935700503848,5084.0,5517.230777825826,4051.0,bons
703,4392.41989364413,5568.0,6081.809107095702,4339.5,bons
714,3797.7269821194036,4712.0,4779.171970819114,3765.5,bons
426,3870.615274013762,4960.0,5284.787585305853,3847.0,bons
512,4103.234234411699,5252.5,6315.293148092792,4078.0,bons
934,3559.6333713457207,4473.0,4888.343034990081,3525.0,bons
694,4537.506900046415,5520.0,5493.653602991412,4511.0,bons
580,4093.2438122769618,5214.0,5129.49777933599,4057.5,bons
405,3861.8267859412945,4697.0,5163.156106325462,3811.5,bons
563,3834.5790056678875,4662.0,4608.931573966204,3806.5,bons
422,3619.5503914702244,4189.0,4464.38521938042,3597.5,bons
497,3316.161711810492,4209.0,4204.25927323039,3308.5,bons
680,3345.794467040296,4216.0,4215.591010821946,3324.5,bons
549,3166.0358592274665,3886.0,4029.1189050140288,3132.0,bons
724,3690.8724483148007,4620.0,4771.71852571147,3676.0,bons
724,4023.2553195096652,5080.5,5300.677851590723,4009.5,bons
437,3454.769545004383,4161.0,4358.941881088632,3439.5,bons
440,3137.6623521073607,3850.0,4176.701453972627,3122.0,bons
408,2795.6329420634097,3498.0,3707.8861544024194,2789.0,bons
510,3105.9824866453696,3963.0,3872.0348250884476,3068.5,bons
458,2801.4326006181936,3465.0,3498.9402487251587,2785.0,bons
497,3842.9159313109444,4891.0,4653.959243041472,3823.5,bons
461,3772.214075986674,4582.0,5397.652902989583,3720.0,bons
843,3477.3484545171996,4256.0,4790.952706628995,3463.0,bons
870,3237.6838506186277,4141.5,3734.896003348163,3207.0,bons
395,3800.737475973048,4620.0,5826.110851820885,3752.5,bons
621,3644.6834124179773,4650.0,4727.848951273663,3604.5,bons
504,3296.7721465368586,3996.0,4569.454135302619,3277.5,bons
543,4061.9283180000593,4800.0,5520.896601489457,4027.0,bons
389,3697.5279705549196,4526.0,4573.232007147151,3666.0,bons
426,2910.9441884808602,3618.0,3876.063952483902,2894.5,bons
509,4140.120710022084,4977.0,5328.1671296610375,4118.0,bons
497,2982.400876077005,3685.0,3771.425341246534,2972.0,bons
362,3403.88143280961,4277.5,4693.742751624429,3379.0,bons
640,2657.536140016017,3276.0,3262.7129546953565,2624.0,bons
717,3762.282107208491,4736.0,4845.931066528763,3744.0,bons
1139,2984.9945305021965,3781.5,3768.7359668140143,2951.0,bons
395,2690.4471758189316,3264.0,3371.8139834304848,2672.0,bons
729,2718.5040389082164,3136.0,3513.828510496884,2685.5,bons
510,3135.230387846173,3792.0,5156.164332373304,3107.0,bons
472,3076.274083017763,3906.0,3808.417015706714,3058.5,bons
520,3154.5860555363156,3640.0,3719.7802843979784,3136.0,bons
739,3450.741163449939,4278.0,4083.732266538904,3427.5,bons
758,3423.1718337248553,4080.0,4085.782308825748,3409.0,bons
426,3280.764668323836,4104.0,4650.094682322092,3266.5,bons
404,3395.816074302506,4118.0,4162.633269375813,3374.5,bons
476,3158.5766825653095,4095.0,4539.646333389785,3148.0,bons
847,2587.1537703311255,3172.0,3291.902882461288,2567.5,bons
527,3350.7361034018,3834.0,4317.773309522459,3310.5,bons
543,3169.3150390731894,3796.0,4388.982708566021,3120.5,bons
539,3444.155461142489,4425.0,4534.207660268978,3425.5,bons
422,3097.1623415251624,3906.0,3972.5664873506316,3082.5,bons
916,2716.455314983945,3290.0,4122.577414061504,2697.0,bons
284,2715.4491588309425,3540.0,4110.796618267226,2706.0,bons
540,3279.926752003475,3922.0,4758.280416431777,3244.0,bons
746,2813.094357726398,3468.0,3858.6830929965163,2789.0,bons
539,3147.3056277096853,3808.0,4177.270408430584,3126.0,bons
500,3046.169878282469,3843.0,4094.7049404693757,3012.5,bons
943,3318.406900358715,4290.0,4120.9478525091645,3300.0,bons
798,2784.754499323965,3417.0,3705.092772938617,2769.0,bons
611,3217.0584328008554,4215.0,4763.464482218342,3168.0,bons
659,3232.24349999917,3848.0,4866.351706229344,3207.5,bons
461,3156.0710634924235,3968.0,4385.312184549847,3135.0,bons
370,3138.0288307175115,3819.0,3928.583264793873,3114.0,bons
422,3546.3905369121912,4234.0,4666.074283798943,3525.0,bons
779,4013.1025740364585,5187.0,5899.850263300635,3989.5,bons
527,2556.2793079497033,3024.0,3058.7234601163527,2530.0,bons
527,3093.3690393731417,3650.0,4562.401778456655,3073.0,bons
1619,3012.8935326585915,3892.0,4687.2801698702215,2944.0,bons
680,3345.790352690631,4320.0,4156.72614651024,3321.5,bons
487,2686.6229810631958,3350.0,3894.470321384054,2644.5,bons
486,2835.347929166709,3632.0,3460.297397099943,2803.5,bons
541,2675.3768201677963,3422.0,3633.272834925235,2641.5,bons
654,3097.3456753879022,3898.5,3886.1716488661878,3062.0,bons
671,2639.0114556439394,3264.0,3357.103861335495,2626.0,bons
1027,2981.0923107674926,3672.0,4339.348178853796,2966.0,bons
14848,3261.324823449753,4234.0,4337.372622772686,3230.5,bons
711,3101.6450318104517,3776.0,4257.271193255245,3066.5,bons
539,2676.453412337004,3294.0,3554.8570098640535,2652.0,bons
572,3381.2927502360376,4002.0,4350.543762770118,3352.5,bons
808,3412.778598811189,4080.0,4525.249299932627,3375.5,bons
404,2592.010179890477,3248.0,3510.154957186438,2557.5,bons
506,2767.6331712769565,3456.0,3773.666250194964,2748.0,bons
568,2631.766785619885,3036.0,3550.73740006961,2599.5,bons
850,3502.600625237504,4189.0,4494.229054565661,3472.0,bons
458,3263.090153347903,4026.0,3833.3380601133867,3243.5,bons
527,3179.793239365067,4092.5,4123.051497241931,3137.5,bons
735,3366.296523717181,4278.0,4594.62299209613,3345.0,bons
461,3214.0249776054534,3710.0,4181.43780407214,3187.0,bons
666,3343.411303465384,4123.0,4653.379917834138,3308.5,bons
553,3070.0560676631853,3776.5,4338.672983305922,3017.5,bons
678,2473.8613064390993,2915.0,2949.0766934118824,2443.0,bons
444,3473.667057128496,4144.0,4618.434586586904,3415.5,bons
568,3162.0798490980283,3869.0,4468.939302069935,3134.5,bons
472,2862.3441790483516,3484.0,3614.16341791617,2839.5,bons
527,2995.212728301481,3584.0,3713.176949822588,2982.0,bons
664,3007.3349982940895,3816.0,4150.066154831449,2989.0,bons
486,2776.445881505025,3350.0,3890.8845868123876,2749.5,bons
680,3753.467882810471,4425.0,4996.101828473324,3705.0,bons
398,2710.114787451157,3392.0,4056.6039914390694,2697.0,bons
540,2731.991992733347,3430.0,4194.247588053802,2709.0,bons
639,2657.603583748199,3050.0,3509.9650809445757,2609.0,bons
427,2914.371592229572,3624.0,4153.208113144338,2886.0,bons
527,2557.345649211577,3186.0,3064.240105141093,2545.0,bons
895,6641.736851207798,8334.0,8274.43843395183,6608.5,bons
853,7037.571112368451,8148.0,8471.069036389084,6966.5,bons
1226,8197.815776162326,10464.0,9958.994601442198,8119.5,bons
1537,7889.282618609456,9929.0,13525.382193347288,7769.0,bons
801,10018.056421454723,11880.0,12256.908021445739,9954.0,bons
1968,7476.56849242898,9408.0,10547.147667559313,7398.5,bons
761,7310.004505738956,9202.0,10708.154282696356,7248.0,bons
882,7849.7989279655885,10022.0,12469.334587488234,7740.5,bons
1734,7961.764453621163,9396.0,10622.546711375675,7806.5,bons
1726,7001.455447887387,8262.0,9413.75858627947,6908.5,bons
1328,7542.689602368715,9680.0,9889.60048558472,7508.5,bons
1629,6450.7692718577755,7452.0,8207.511444006152,6288.0,bons
661,7749.952315991962,9435.0,10247.573017861032,7706.0,bons
1562,7108.07504173174,8715.0,9852.886898166771,6986.0,bons
2248,8349.458511494955,10822.5,11895.678519808493,8319.0,bons
1161,7183.173713625435,9135.0,9994.493727958372,7122.5,bons
1199,6559.240412277173,7920.0,8767.99966865217,6448.5,bons
1207,8084.022188824233,9657.0,10349.32369539925,7911.0,bons
2583,7862.459478765742,9948.0,10522.014683508869,7677.0,bons
1616,6868.435146744679,8100.0,8783.005936823998,6712.5,bons
572,7128.067107375417,8991.0,10020.381830812625,7081.5,bons
1139,6332.332794660456,8280.0,9319.56797953554,6296.0,bons
2175,6178.171353425182,7666.5,9016.393733123243,6095.5,bons
1261,5546.449818073849,6636.0,7078.042738568418,5455.0,bons
824,5305.982199416867,6384.0,6397.0965783242755,5255.0,bons
1795,5958.447709085537,6786.0,7060.303723187591,5837.5,bons
1746,6295.868843741166,7825.0,8077.851173049936,6192.5,bons
2253,6797.1958047779435,7980.0,8129.575306140496,6614.0,bons
1298,6509.0679292860395,7900.0,8966.924465365013,6433.0,bons
1039,6509.285078404315,8633.0,9764.890351451058,6446.0,bons
1280,5149.842811850657,6461.0,6825.925537375813,5107.0,bons
1361,6487.242555360548,8134.0,7651.0517334094,6438.0,bons
982,5167.9247006275955,6545.0,6268.043027830346,5142.5,bons
724,6588.524537379555,8544.0,8222.523299856855,6530.5,bons
856,5468.995710131063,7055.0,7837.370703078491,5424.0,bons
1042,6057.455229761768,7300.0,8477.580854758537,6007.0,bons
1996,6169.518052107763,8013.0,9125.417319512906,5947.0,bons
711,5875.091619494073,7524.0,8494.898940681847,5857.5,bons
680,5206.525086316437,6384.0,6865.194680716936,5167.0,bons
815,6617.426306369352,8643.0,10835.38970509969,6553.5,bons
702,6730.84320621228,8400.0,8605.640302938971,6689.5,bons
666,5647.182056570656,6947.0,6479.516760771359,5603.0,bons
1872,5637.387509830298,7287.0,8652.03612607512,5561.5,bons
801,5359.635783679235,6734.5,7147.643575877086,5279.5,bons
1098,4995.794794095675,6279.0,7201.34599282185,4925.0,bons
607,5364.477428913193,6889.0,6489.660289132087,5337.0,bons
512,5862.138041492686,7313.0,7673.370412481569,5793.0,bons
527,4552.959212474394,5696.0,6334.263969305242,4539.5,bons
733,5206.329047066136,6705.0,6543.623995306334,5177.5,bons
603,5592.952431162091,6790.0,7673.385811805754,5562.0,bons
873,5133.018483827326,6210.0,6702.3325506658375,5110.5,bons
543,4797.199574090637,6083.0,6021.583979574546,4783.5,bons
729,4643.846543921843,5850.5,7178.569086100147,4613.5,bons
998,5171.528556285598,6745.0,7597.186947692547,5090.5,bons
801,5003.745465297089,6164.0,7048.108998423372,4951.5,bons
1309,5342.661940241655,6603.0,7133.239999286534,5271.5,bons
944,5084.247025067711,6460.0,7167.68530060147,5055.5,bons
1086,4383.094402390388,5609.0,5817.3262065912295,4299.0,bons
869,5214.984483391389,6336.0,6647.33662573229,5185.0,bons
724,4829.775324327789,6160.0,6027.170965180727,4796.0,bons
687,4752.0374356737,5670.0,5652.687777099844,4716.5,bons
944,5120.987020405816,6351.0,6388.199397003658,5068.5,bons
852,4568.394169645515,5567.0,5571.746367922791,4496.0,bons
758,5205.609075821358,6732.0,8351.23889558479,5121.5,bons
720,5074.9657704865,6320.0,6019.154979232817,4999.5,bons
1079,4369.354426732679,5346.0,5595.203074095226,4331.0,bons
1081,5343.253090723366,6562.0,6972.99488056108,5273.0,bons
1506,4292.665961611407,5168.0,5264.700241102492,4150.0,bons
546,5133.1775402870435,6408.0,6318.759327719944,5108.0,bons
572,4358.414810290315,5360.0,5562.53037806533,4308.5,bons
914,4637.228385162382,5940.0,5560.47411680991,4579.0,bons
1322,4094.1119026960464,5220.0,6122.991566422892,4043.5,bons
645,5634.496052553839,6840.0,7360.40573227445,5565.0,bons
781,4479.770796823271,5270.0,6429.297618774519,4447.0,bons
695,4169.137002240609,5133.0,6239.080181479564,4131.0,bons
1008,4037.881868716652,4800.0,5234.51619771449,3971.0,bons
639,4835.986640334559,5782.0,7862.014315895973,4761.0,bons
870,5107.019321191102,6325.0,6919.391939989299,5000.5,bons
761,3960.07999579855,4907.0,4506.391411563253,3927.0,bons
885,5390.495357316641,6700.0,8303.732901709483,5354.0,bons
832,3827.168301028465,4670.0,5128.117750744831,3730.5,bons
905,3857.857304550336,4650.0,4892.269397309667,3823.0,bons
801,4086.783018994783,5183.0,5007.067385356942,4056.5,bons
625,4991.87295948487,6391.0,6649.937739009339,4952.5,bons
587,4442.9416852949935,5320.0,5315.148549564166,4419.0,bons
617,4319.579923270762,5229.0,5808.785234280535,4292.0,bons
572,4617.235756917625,5980.0,7129.089028772122,4580.0,bons
838,4162.1539862531645,5120.0,5234.711873613747,4148.5,bons
801,4716.906330912071,6096.0,6587.947797935289,4687.5,bons
1229,3986.1369088315564,4928.0,5591.548050854368,3906.5,bons
606,4195.097279467478,5320.0,5674.528215714509,4129.5,bons
819,3764.1514126504403,4623.0,4620.802217035415,3743.0,bons
640,4624.588434186878,5727.0,6471.40112318602,4601.0,bons
567,3577.45504226146,4544.0,4602.489133606304,3539.0,bons
595,5251.259993423738,6290.0,6455.297012218895,5210.5,bons
746,4020.6602481373607,5016.0,6309.1316088244075,4010.5,bons
905,4641.076391412866,5760.0,5760.712918529799,4601.0,bons
787,4282.826873346847,5160.0,6048.887467518526,4206.0,bons
1052,4229.496112718693,5120.0,5304.471939749084,4174.0,bons
567,4264.5023737911215,5220.0,6509.954780291448,4228.5,bons
554,4963.542403529898,6216.0,6071.101354512815,4895.5,quebrados
3630,9485.336932985765,12390.0,13935.437223039597,9181.5,quebrados
2583,7062.120024079882,8658.0,11470.335109662,6286.5,quebrados
1371,5354.023967615884,7301.5,9596.185929235442,5226.0,quebrados
2966,6813.694234249926,9399.5,12000.3402573816,6265.5,quebrados
1216,9716.639538272364,12645.0,15458.251530512392,9599.0,quebrados
1145,5445.366164851072,6781.5,6554.1766403848505,5367.5,quebrados
2036,11269.393474415121,14202.0,19871.40869987287,11137.5,quebrados
1447,7649.618341596089,9772.5,12330.790917752403,7529.5,quebrados
1064,5677.910508164474,7054.5,10405.67835954359,5340.5,quebrados
1236,7159.693731468971,8975.5,9859.923102338586,7083.5,quebrados
687,4486.560859525986,5720.0,6308.299199032342,4444.5,quebrados
3494,9028.314952266966,11206.0,12016.630416601056,8708.5,quebrados
966,9143.804005872058,11392.0,13159.723673351926,9079.5,quebrados
1161,6250.960689267384,7940.0,7748.966140239544,6164.5,quebrados
2075,5338.207118178538,6221.0,8320.576545355168,4996.5,quebrados
1089,7127.297210447515,9360.0,12114.019960290007,6882.0,quebrados
2070,8112.595350990282,10332.0,13016.443060600774,7960.0,quebrados
771,7742.722708812044,10048.5,12620.602187975195,7697.5,quebrados
659,4077.681141720146,5247.5,5620.336060494064,3993.0,quebrados
1035,6832.705912798763,8100.0,10194.510306705803,6735.5,quebrados
1243,5208.0103038620755,6734.0,7560.903830847436,5182.0,quebrados
2560,4244.305427779023,5508.0,6283.2130931801385,3975.5,quebrados
1056,4769.596743877894,5795.0,7426.890516247971,4558.5,quebrados
924,5802.403550297371,7030.0,8616.448353018646,5728.0,quebrados
983,8156.73385601655,10235.0,11054.967223302629,8077.0,quebrados
1970,6897.666126464977,8624.0,9972.056639699951,6734.0,quebrados
608,5268.346533894984,6209.5,9585.819055402471,5080.0,quebrados
659,4461.429221158566,5788.0,7617.169059428485,4438.5,quebrados
1953,6113.765872006958,7776.0,11125.046977597232,5999.0,quebrados
1280,6640.175139342288,8832.0,11674.196607843567,6556.0,quebrados
884,5531.95147452536,7254.0,8107.067381372363,5509.0,quebrados
667,6606.164635310063,8383.0,9435.021665191574,6572.5,quebrados
822,4827.1031521677,5881.5,7586.508436516071,4632.0,quebrados
913,4878.207076312752,6385.0,8919.4136432645,4840.0,quebrados
1620,5125.255489164856,6600.0,8096.392735797043,4987.5,quebrados
3414,7821.215524401242,9600.0,14062.59667897115,7552.5,quebrados
1126,5222.213818183962,6419.5,8323.101726336352,5135.5,quebrados
1424,4468.446622898225,5494.0,6057.0179391568245,4413.0,quebrados
1428,4229.730014204098,5574.0,6318.556167239894,4085.5,quebrados
844,7344.158060044085,9048.0,9257.842728073436,7273.0,quebrados
687,4534.263250957262,5883.0,7541.423156260951,4476.0,quebrados
951,5684.107424317672,6956.0,8049.576994638882,5589.0,quebrados
1810,4825.233015622925,5963.0,6422.228886159856,4698.5,quebrados
808,4082.4507877937244,5211.5,6206.526544571565,3863.0,quebrados
2601,5190.035744498833,6785.0,7278.974726984623,5052.5,quebrados
1466,5727.319720191039,7549.5,8115.551250234391,5504.0,quebrados
1464,5880.593160420913,7830.0,8121.409485844183,5737.5,quebrados
810,6129.00917908418,7632.0,9356.014071291038,6037.0,quebrados
1082,3792.316205013607,4455.0,5573.536167032138,3509.0,quebrados
841,4946.531342767028,6120.0,6463.3307960639995,4898.5,quebrados
1476,6386.251021720293,8265.0,7866.383007772839,6328.5,quebrados
922,4556.791868503902,5631.0,8674.754968259802,4409.5,quebrados
1454,3899.5856814419158,4892.0,7956.796634820255,3685.5,quebrados
1934,5146.8965340023815,6307.0,11255.589068716157,4900.0,quebrados
1267,4138.006246078562,5135.0,6711.256348999298,4091.0,quebrados
1657,4108.107169552161,5041.0,5851.24355088588,4047.5,quebrados
801,4992.711162137158,6141.0,7021.456400972667,4857.0,quebrados
1194,3472.955626778772,4749.5,5485.246562881109,3402.5,quebrados
1009,5174.312320362008,6298.0,8078.847817336286,5106.5,quebrados
1775,5839.744047492537,7632.0,10210.211197448984,5747.0,quebrados
992,4988.602580501144,6016.0,8389.655116575463,4903.0,quebrados
1741,3174.847956553388,3648.0,4821.738379267032,3024.5,quebrados
1684,4976.851653199649,6439.0,7487.151829831166,4926.5,quebrados
1201,5665.529158062882,7373.0,9174.269498794809,5570.0,quebrados
875,3214.450720024591,4140.0,4926.827085578837,3137.0,quebrados
1015,4977.156787654272,6003.0,7318.323437145943,4904.5,quebrados
1621,5170.165789237269,6524.0,7713.8278524926345,5093.0,quebrados
1169,5420.629545985481,6853.0,7736.497131807293,5347.0,quebrados
1677,5306.840151521696,6569.0,7830.450284085022,5176.0,quebrados
1100,4855.236467963192,6035.0,6448.352991813762,4772.0,quebrados
937,4857.934579706536,5671.0,9145.995470545895,4744.5,quebrados
1870,5722.762082173453,7102.0,9005.458241314995,5459.5,quebrados
1484,4776.734980597192,5590.0,7616.036093393387,4613.5,quebrados
2145,4349.295314178012,5538.0,6006.5278842136595,4090.0,quebrados
2955,4707.656812639411,5416.0,6708.114955645256,4306.0,quebrados
800,4988.027554216648,6059.0,6605.227495146917,4907.0,quebrados
1963,3950.2905769243143,4880.0,5301.14945386237,3876.5,quebrados
1483,3316.180631426981,4240.0,6108.854399747258,3217.5,quebrados
2052,2979.9241753740334,3740.0,3928.8443251477647,2867.5,quebrados
1637,5763.708146207842,7020.0,7441.65741956614,5629.5,quebrados
2207,4297.571944643966,5358.0,7506.448681092785,3902.5,quebrados
1277,3009.9958158937657,4030.5,5442.049910267209,2913.0,quebrados
615,2900.661448799684,3620.0,3470.056684028502,2857.0,quebrados
750,6121.736112700137,7810.0,10783.55268117466,6080.5,quebrados
1700,3825.80645070751,5005.0,6730.891186361978,3586.5,quebrados
2127,5772.930546642867,7280.0,8219.963156694193,5610.0,quebrados
1588,4411.910828400894,6059.0,7675.726688758802,4311.0,quebrados
876,3165.1849188601445,3825.0,5745.292834013932,3016.0,quebrados
538,2604.3072727561544,3200.0,3451.5583619405074,2582.0,quebrados
819,5240.4970828178575,6110.0,7372.594718607502,5184.0,quebrados
826,4298.567324135689,5617.5,6353.899196389893,4257.5,quebrados
2498,5351.403974920547,6620.0,7296.3785881096155,5119.5,quebrados
1715,4713.690278010216,5915.0,7355.283380825209,4607.5,quebrados
777,4289.187874958817,5400.0,6852.627897602698,4157.5,quebrados
1065,3667.1821276518203,4514.0,4557.394971794032,3622.5,quebrados
932,3157.6598518988776,3723.0,4783.707997777243,2974.0,quebrados
522,4621.44462332569,6003.5,7619.725623585654,4591.5,quebrados
746,2480.8867381830337,3315.0,3476.1604267101357,2428.0,quebrados
518,3523.370608857022,4245.0,5460.852486511537,3487.5,quebrados
590,4078.955595894095,4956.0,6537.682233164937,4030.5,quebrados
2560,2703.1967242578967,3348.0,3830.408255835279,2483.0,quebrados
1018,3143.609280799874,4104.0,4659.791402269628,3106.0,quebrados
662,3004.1710051995688,3700.0,4716.381060117646,2942.0,quebrados
655,5145.581703266267,6370.0,6850.271718233912,5100.0,quebrados
1443,4187.867481133655,5313.0,6422.228886159856,4104.0,quebrados
1208,3706.7003627130243,4698.0,6852.627897602698,3668.0,quebrados
497,2762.8902290297115,3627.0,4720.267487606608,2737.0,quebrados
614,4185.421272629217,5440.0,5980.836578553142,4160.5,quebrados
510,3349.7844205565493,4042.0,6021.979591037625,3275.5,quebrados
480,3556.546624749764,4494.0,5055.633247934595,3540.5,quebrados
768,4217.260088434139,5544.0,7319.940779552551,4170.0,quebrados
1086,3253.710550171291,3914.5,4911.238709678651,3147.0,quebrados
819,3214.7971208890976,4206.0,5599.129457903659,3195.0,quebrados
1632,3405.784586798493,4480.0,5565.859119838501,3282.0,quebrados
1501,451.9791902196545,673.5,1832.3490510109766,327.0,quebrados
722,5145.839081992998,6336.0,8618.207043645822,5087.5,quebrados
646,3389.708111680432,4063.0,5476.002351580226,3331.0,quebrados
621,2977.464819583719,3764.5,5093.3318704179965,2915.5,quebrados
1086,2770.839285434126,3640.0,4135.143740882497,2691.0,quebrados
458,3076.58937726036,3795.0,4186.195211714704,3054.0,quebrados
1123,5146.316193669289,6552.0,7056.078614434851,5094.5,quebrados
483,3933.0118452452934,4740.0,5913.290234018139,3867.5,quebrados
740,3348.306266405016,4047.0,4229.590022715908,3283.0,quebrados
612,2839.317196215254,3593.0,4468.939302069935,2677.5,quebrados
512,4000.9896406765297,4988.0,6261.221891797874,3951.5,quebrados
2156,3688.8004383528005,4766.0,4823.350781642176,3563.0,quebrados
718,4100.56316531351,5220.0,5560.837136775034,4059.5,quebrados
1207,3926.9971801911743,4991.5,5705.944314987202,3822.0,quebrados
1278,2637.6107531153084,3236.0,3809.2031750351653,2478.0,quebrados
890,3454.6280196545413,4216.0,4757.966066946041,3404.5,quebrados
781,4564.8109822544175,5772.0,5742.680422718756,4547.0,quebrados
923,3120.1554022526734,4105.0,6010.41673201098,3021.0,quebrados
1796,3692.539255000104,4800.0,7584.620477844614,3569.0,quebrados
1002,2847.870203365967,3482.0,6071.155091076234,2685.0,quebrados
810,2472.8008885634213,3282.5,3538.2392639336044,2427.5,quebrados
796,2861.2089424880946,3696.0,4582.036330548755,2836.5,quebrados
623,3809.6185676558785,4731.0,6104.302007670838,3777.0,quebrados
1268,3181.390475668576,3894.0,4779.231801324643,3147.0,quebrados
14592,3706.709222794768,4445.0,5446.156710211272,3605.0,quebrados
1479,4324.331352541378,5726.5,7355.283380825209,4258.5,quebrados
774,3772.958178209564,4756.0,5976.907131849995,3727.0,quebrados
750,2413.62458010236,2730.0,3603.7682737947725,2303.0,quebrados
730,4373.625402041613,5695.0,6872.107338968945,4306.5,quebrados
1185,3856.910108659345,5060.0,6356.885376217641,3812.0,quebrados
767,2495.84038057129,3087.0,3809.2031750351653,2441.5,quebrados
486,4012.8437565636946,5106.0,5851.24355088588,3994.5,quebrados
905,3909.377653657891,5100.0,5772.322879463021,3859.0,quebrados
1015,4006.217245843542,5153.0,5769.971396297348,3927.5,quebrados
1817,4197.468900659272,5270.0,5948.629870931203,4093.5,quebrados
728,3968.0261969432318,4550.0,6683.650371051737,3898.0,quebrados
2145,4212.872379654811,5162.0,6685.250173616838,3950.5,quebrados
543,3923.6884972927596,4720.0,5564.571888285146,3876.0,quebrados
796,3842.5052175414903,4898.0,5317.170775501353,3804.0,quebrados
1687,3483.8250584983234,4094.5,5156.164332373304,3221.0,quebrados
1177,2851.507976295297,3672.0,4998.465875615501,2771.5,quebrados
773,3396.621747791595,4366.0,4926.827085578837,3300.0,quebrados
567,3841.8784763080707,4745.0,6171.3116649580925,3790.0,quebrados
648,2919.595918969511,3726.0,3966.9738554245487,2895.5,quebrados
2304,8518.187156671007,11682.0,15108.747069651783,8368.5,quebrados
2688,6246.388901359506,7520.0,8126.00690231381,6121.5,quebrados
1226,8557.09105280022,10700.0,11791.221155888805,8349.5,quebrados
2683,8658.764772801967,11424.0,15144.095791101243,8374.0,quebrados
1031,9130.656090756733,11305.0,14725.472583378043,8853.0,quebrados
1095,9946.152140046499,12420.0,15337.528712562913,9890.0,quebrados
1712,9500.721765432327,12350.0,13444.582659097541,9177.5,quebrados
1122,8039.566261515573,10296.0,10999.953220030493,7923.5,quebrados
801,8376.887947962272,10120.0,10822.823250612764,8288.5,quebrados
3124,8258.705819932735,10374.0,11284.424102493844,7920.5,quebrados
1145,7211.598758438715,9288.0,9616.604957597956,7147.5,quebrados
2219,8789.999171070172,10712.0,12724.275464374059,8387.0,quebrados
1231,8003.576393652728,10100.0,11235.157307332838,7966.0,quebrados
1207,5335.570412877316,6624.0,7867.9338673727325,5263.0,quebrados
679,5044.8218117787,6030.0,7227.920194480474,4940.0,quebrados
1603,9571.990074217898,12544.0,15497.521341897982,9017.5,quebrados
1258,7131.991181869603,8960.0,11374.173179200916,7042.5,quebrados
973,7672.861895768652,9785.0,12944.1860415899,7563.5,quebrados
1201,7479.469655119857,9484.5,12957.537658851037,7360.0,quebrados
851,4255.186076320794,5792.0,6605.227495146917,4089.5,quebrados
1950,6931.291780626798,8533.0,9783.533718814142,6620.0,quebrados
1541,4586.0547644029175,5874.0,7404.923007441534,4391.0,quebrados
2763,6293.27456849016,7440.0,8372.376643418113,6076.0,quebrados
2844,6984.474206242854,9550.5,14440.373053503357,6737.0,quebrados
1685,4944.586136712976,6287.0,10393.995095266795,4738.0,quebrados
1895,6918.307306159295,9062.5,11455.069509253612,6716.0,quebrados
1165,5042.349553164325,6410.0,10380.6429560182,4902.5,quebrados
781,7132.4720034978445,8918.0,8794.136538542809,7107.5,quebrados
1133,5877.676633790089,7371.0,7497.947559637559,5789.0,quebrados
1982,3895.1377975617443,4897.0,6093.05406221194,3776.5,quebrados
672,5296.333830446772,6711.5,9867.156590141862,5223.5,quebrados
1803,5413.335859442549,7030.0,7187.0316815049855,5153.0,quebrados
536,6555.538721628567,8366.0,8234.931168856003,6537.0,quebrados
2478,5251.780266577808,6586.0,7450.138251320081,5058.5,quebrados
722,3824.769986662348,4697.0,5980.395261797043,3671.5,quebrados
1596,4765.695034506941,5628.0,6372.7486705121855,4707.0,quebrados
959,5556.404958065801,6992.0,7967.8955086324195,5528.0,quebrados
871,4756.302494543322,6057.0,8467.410271110024,4624.0,quebrados
773,3649.135407419199,4692.0,5361.154046053117,3602.5,quebrados
890,4289.365354380667,5418.0,5596.026478752008,4197.0,quebrados
494,7935.842092399522,9690.0,10867.749814435037,7906.5,quebrados
563,4416.500628042872,5386.5,7494.355533061634,4299.0,quebrados
1851,7358.931750525331,9289.5,12783.965259006052,7151.0,quebrados
3744,4243.678386045338,5612.0,7682.010675332134,3964.5,quebrados
713,4232.459848460743,5167.5,6784.319497826428,4191.5,quebrados
696,4426.758775467613,5239.5,6386.634462364317,4352.0,quebrados
456,4450.54561246291,5353.0,8070.09160556053,4373.0,quebrados
1792,4904.541041510459,6375.0,8728.16233006268,4821.5,quebrados
1803,5347.621740606117,6880.5,7798.534158842342,5277.0,quebrados
1061,4998.755499320817,6247.5,6475.287463328167,4862.0,quebrados
621,3389.5729383173016,4154.5,6109.01188285065,3266.5,quebrados
1091,4704.327556461912,6270.0,7795.107225338406,4632.0,quebrados
1536,5551.343479485553,6804.0,8495.684166740066,5451.5,quebrados
497,6190.447790132504,8036.0,8194.091087760115,6146.5,quebrados
1228,3062.7912211918665,3860.0,4911.119303049845,3010.5,quebrados
531,3623.0330838329464,4514.0,5216.012029094735,3589.0,quebrados
1150,2566.7414841149116,3436.0,4272.588947465077,2523.5,quebrados
2144,3511.752237989012,4547.5,5434.981383821179,3319.0,quebrados
869,4847.0840826977255,5985.0,7344.070546845254,4797.0,quebrados
717,4013.009949502915,5148.0,6490.842310980842,3986.5,quebrados
1319,4851.519779530372,6290.0,8572.210128464305,4688.0,quebrados
916,3084.8631688538812,3536.0,4491.444558951258,2911.5,quebrados
606,3331.3491605109766,4028.0,5109.040121207865,3249.5,quebrados
4347,5680.209712032252,7200.0,8267.26245850262,5288.5,quebrados
762,4700.815863261085,5929.0,6475.635680636015,4673.5,quebrados
535,4495.335942795564,5670.0,6654.706848896469,4428.5,quebrados
854,2611.889209334726,3224.0,3302.619360874566,2591.0,quebrados
421,5524.826262678155,7088.0,7964.753783570068,5208.0,quebrados
445,5147.797611774196,6351.0,6571.868052015797,5123.0,quebrados
543,3207.349877494272,3840.0,5257.040938752777,3109.0,quebrados
2514,3503.652290061348,4418.0,6998.037228242922,3191.0,quebrados
693,4008.3505062869053,5244.0,6942.948553022958,3884.0,quebrados
1394,2880.8999031868684,3926.0,5172.657660278957,2787.5,quebrados
2662,3742.6630503090278,4840.0,6336.620099205088,3419.5,quebrados
1576,4534.898813660989,5970.0,6995.6098067893145,4366.5,quebrados
572,2766.2271233154497,3460.0,3547.439243714719,2737.5,quebrados
776,5833.75493743171,7332.0,10814.891705528393,5737.0,quebrados
763,2334.0963787136793,2961.0,3148.7095381111258,2292.5,quebrados
1629,4015.484887940709,5201.5,5512.233798094638,3945.0,quebrados
1965,8646.90743521425,11700.0,15306.685807930879,8488.5,quebrados
1841,6171.465550180189,7584.0,7974.318479509337,6091.5,quebrados
1178,8665.863623171865,10733.0,12098.645576392222,8452.5,quebrados
2318,8889.806067102201,11536.0,16039.44585043814,8592.0,quebrados
1080,10073.633863342808,12600.0,15679.350701496724,9999.5,quebrados
986,9213.861329877698,11438.0,15027.064991822543,8967.0,quebrados
1229,9721.885700101571,12672.0,13976.458176820097,9413.0,quebrados
1212,8044.049605168923,10030.0,11327.499707744446,7980.5,quebrados
911,8456.613472785066,10092.0,11184.938528025392,8368.5,quebrados
2982,8363.547941053781,10695.0,11426.25563557566,7994.5,quebrados
819,7238.490911229645,9258.5,9699.43164857295,7154.5,quebrados
2985,8735.569654713814,10816.0,13032.937787835848,8402.0,quebrados
956,8252.358805203376,10302.0,11718.178932446213,8199.5,quebrados
1667,5463.674389424079,6693.0,8326.5576631651,5373.0,quebrados
1093,5112.551992905086,5850.0,7239.0612988502935,5017.0,quebrados
3715,9447.54954818325,12586.5,15790.473736612605,8909.5,quebrados
1991,7278.011160474907,9230.0,11549.317965256658,7161.0,quebrados
1491,7965.915010799729,10559.5,13151.658286918491,7786.0,quebrados
736,7455.974081765111,9384.0,12821.665203331486,7349.0,quebrados
2281,4386.993670698426,5971.0,6836.134205353777,4204.0,quebrados
2075,4777.635527776802,5963.0,7543.829558728725,4526.5,quebrados
3106,7011.069968485962,8502.0,9738.157607778743,6661.0,quebrados
2560,6436.292857000532,7426.0,8268.901528672108,6256.5,quebrados
3022,7251.4564091849625,9848.5,14553.469603962907,7036.0,quebrados
1669,5006.96588666404,6333.0,10708.154282696356,4795.5,quebrados
1525,7068.291152992514,9159.0,11634.141495120191,6906.0,quebrados
1537,5163.051566421561,6720.5,10710.510895862366,5036.0,quebrados
1409,7346.431516606676,9200.0,8924.450055073621,7318.5,quebrados
1179,6011.876976364201,7614.0,7665.594544038876,5936.5,quebrados
2120,4030.5895897852215,5194.0,6385.376601413474,3937.0,quebrados
593,5410.91686310523,6660.0,10167.799475966774,5352.5,quebrados
1913,5462.904900125315,7030.0,7402.790176301448,5224.0,quebrados
589,6688.767529312456,8550.0,8476.9035389607,6658.0,quebrados
2304,5249.743803243234,6497.0,7458.95675943962,5093.0,quebrados
1114,3823.1196215146324,5052.0,5932.827850192698,3645.0,quebrados
1145,4725.215981069052,5644.0,6290.92888188891,4653.0,quebrados
539,5702.642491087863,7238.0,8024.444684752245,5690.0,quebrados
1188,4945.751260509037,6121.0,8694.39769587681,4806.5,quebrados
655,3766.7489972879353,4761.0,5544.936892610363,3696.5,quebrados
765,4383.291763461645,5700.0,5797.810997432482,4292.0,quebrados
844,8187.973502465446,10179.0,11217.132902138528,8156.0,quebrados
621,4537.612825015232,5579.0,7758.176491678051,4399.0,quebrados
870,7560.060243014491,9181.0,12863.89571358104,7362.0,quebrados
3840,4232.918478750821,5460.0,7556.538530624165,3964.5,quebrados
688,4345.54571962069,5456.0,6951.785274541478,4301.0,quebrados
801,4603.192469287173,5384.0,6626.886188408027,4513.5,quebrados
449,4511.168778796369,5400.0,8128.753540723834,4415.0,quebrados
1536,4996.225101926192,6450.0,8770.771682245342,4921.5,quebrados
1165,5172.871159407116,6771.5,7036.929834575743,5011.0,quebrados
1547,5541.128366151617,7127.5,8372.376643418113,5475.5,quebrados
565,3516.821954309446,4290.0,6054.527086478699,3406.5,quebrados
1254,4915.278956047288,6432.0,7795.107225338406,4853.0,quebrados
1792,5806.04199681693,7308.0,8860.895045708812,5669.5,quebrados
567,6390.064782271345,8316.0,8563.791107237477,6342.5,quebrados
1079,3075.6877200443405,4000.0,4987.126795916152,3024.0,quebrados
412,3630.2781909240066,4575.0,4962.598992580017,3588.5,quebrados
795,2682.5121475868696,3545.5,4362.71032308611,2629.5,quebrados
724,5005.580196829548,6144.0,7618.392993454135,4944.0,quebrados
2199,3549.302171642105,4547.5,5493.100349976649,3348.0,quebrados
572,4173.765140841868,5283.5,6737.174264700038,4142.5,quebrados
861,4973.95095934821,6404.0,8900.165005230034,4860.5,quebrados
1208,3335.4681705476382,3975.0,4990.444917146547,3277.5,quebrados
729,3098.711370625836,3570.0,4547.917608803251,2950.5,quebrados
991,4788.73016637525,6006.0,6447.361604183357,4756.0,quebrados
586,4661.6914760893405,5824.0,6884.044562288428,4603.0,quebrados
4598,5921.961042628099,7622.0,8863.2513918893,5502.0,quebrados
724,2683.3630279158274,3402.0,3304.584240376187,2672.0,quebrados
3239,5665.369785873213,7213.0,8313.471827142817,5309.5,quebrados
572,5398.435637994048,6480.0,6952.132546186896,5361.5,quebrados
714,3291.514708507599,3969.0,5346.383507231516,3196.5,quebrados
2577,3635.867235699824,4655.0,7196.016606605009,3294.5,quebrados
754,4204.082734695892,5506.5,7151.865128994037,4062.0,quebrados
2862,3858.61307852875,4984.0,6448.146672664312,3542.5,quebrados
998,2945.605505696581,3781.5,5501.115215708938,2852.0,quebrados
1725,4682.3438168414295,6150.5,6908.306376033898,4517.5,quebrados
988,2355.3191466203716,2976.0,3153.1789784486614,2315.5,quebrados
753,6101.981820394548,7711.5,11286.132162004305,6020.0,quebrados
482,2864.565222796653,3559.5,3707.0108969065795,2840.0,quebrados
1236,4055.709004997646,5188.5,5351.645054882495,3988.0,quebrados
1990,8336.630406733746,9021.5,22677.638311466144,7686.0,sujeira
1247,4299.840310493457,5531.0,6208.7266721117085,4121.0,sujeira
18034,3946.6509189604653,4950.5,4713.082011656796,3885.0,sujeira
863,4239.867734266133,5275.0,6675.912772382379,4147.0,sujeira
3360,6629.606299167421,9119.5,10559.46693740578,6255.0,sujeira
822,4021.709619434127,5025.0,5157.761784755207,3938.5,sujeira
2418,7175.876645462056,8931.0,13044.719511327921,6615.0,sujeira
6300,11844.726518411977,15493.0,37273.49409500139,10485.5,sujeira
1369,2475.00195794851,3344.0,5418.8421433603235,2106.0,sujeira
1070,4600.82865965507,6032.5,6804.678818803469,4249.5,sujeira
1340,4157.588112671459,5337.5,5733.849361015463,3949.0,sujeira
1908,3919.8710972283925,4651.5,6440.292712499347,3601.5,sujeira
918,2886.915047260186,3877.5,4440.34383919015,2828.0,sujeira
1065,3446.5338566332366,4234.0,4904.131806600479,3162.0,sujeira
409,2762.292829092875,3456.0,3563.4553410567746,2741.5,sujeira
808,3430.474892207263,4644.0,5935.719650216233,3330.5,sujeira
1261,7519.215043686527,8592.5,18166.305170338514,6866.0,sujeira
1267,9532.197769282115,9732.0,32649.064720738697,8143.0,sujeira
1749,3569.184963433196,4788.0,5645.962279739837,3460.5,sujeira
1788,2535.507490490324,3120.0,3449.4891010853157,2466.5,sujeira
564,3563.6524081835373,4380.0,4866.883762702215,3400.0,sujeira
2061,4217.027885461519,5440.0,5407.551694937908,4121.0,sujeira
975,9040.761245440715,9119.0,25567.90971555712,8155.5,sujeira
2347,7322.942021599564,8916.0,18033.573133838614,7020.5,sujeira
3690,964.429546247142,1464.0,2225.0495436608726,510.0,sujeira
2300,7507.832925024147,9792.0,24894.82138772239,6524.5,sujeira
680,4721.239691126741,5448.0,9479.432664150296,4542.5,sujeira
810,7758.331930914136,8461.0,21834.904745352476,7301.5,sujeira
825,7397.263707104978,7938.0,21324.819274753532,6578.5,sujeira
753,5533.565732961681,6392.0,12036.264997813776,5214.0,sujeira
1016,6059.53149428396,7897.0,23487.3849709022,5677.0,sujeira
800,6555.654973575659,7562.0,17233.221556473483,6228.0,sujeira
884,5074.827370780112,5476.0,13540.402289591706,4725.5,sujeira
1177,7213.381753828361,8303.0,23789.763759917376,6367.5,sujeira
1400,8886.944769562566,9927.0,34702.884086100865,7818.5,sujeira
1498,12232.174040655518,12685.5,67142.99694000278,10642.5,sujeira
671,7476.590408428132,7990.0,20704.715883775178,6872.0,sujeira
633,4395.003237792543,4800.0,8312.950284551323,4228.0,sujeira
1220,13020.915585258968,11609.0,48331.91086370806,10492.5,sujeira
1297,5845.75123316983,6326.0,14731.75487182647,5469.0,sujeira
808,8572.891902176152,8992.5,23076.31109369633,7656.5,sujeira
1595,15111.692616692886,15987.0,39785.99783176408,13547.0,sujeira
2209,11982.973456373704,13920.0,46672.3601148518,11350.0,sujeira
4095,25833.919398429818,30129.0,106343.22122911364,23325.5,sujeira
1387,16774.807629091047,17896.0,53898.81839980171,14487.0,sujeira
2711,11736.149556229158,13132.0,30242.604100973873,11038.5,sujeira
2048,27769.463863437624,25185.0,105296.433875559,21671.5,sujeira
1810,31428.670121114104,33489.0,85707.47491191313,28624.5,sujeira
1404,7797.029341008182,8946.0,16301.769120885008,7305.5,sujeira
1852,22893.93729243683,22771.5,134015.76189403355,19559.0,sujeira
2175,14991.897754683261,16602.0,43079.16465537389,13468.0,sujeira
3251,14782.025201839244,17613.0,47112.97041606538,13480.0,sujeira
2598,20150.367025043353,23384.0,74355.47416004076,18102.0,sujeira
1287,9445.691609804773,9970.0,24194.245746950317,8581.5,sujeira
4250,10284.378839714973,13838.0,29723.455346936633,9782.0,sujeira
2739,10764.572006142067,14930.0,40961.72511977659,10386.5,sujeira
591,7906.283339397899,8638.0,19415.95836909526,7431.0,sujeira
946,10277.303093226119,11648.0,34237.1665775953,9501.5,sujeira
634,11731.357428314024,12442.5,32342.433557650802,10696.5,sujeira
1524,6872.533886067727,7745.0,13611.020676792245,6515.5,sujeira
2480,10688.901808652918,14223.5,39587.277155628835,9515.0,sujeira
2742,9376.442274549234,12289.0,24018.31477163642,9101.0,sujeira
1300,11198.50559711262,12141.0,35727.82742480808,10346.0,sujeira
916,4110.949758604125,5240.5,5612.471836539056,3937.5,sujeira
1314,2829.4868267780744,3657.0,3940.365033216733,2812.0,sujeira
2296,4684.344263406733,6090.0,6735.344079417384,4556.5,sujeira
3078,5576.338222728113,7352.0,7880.715984647315,5441.5,sujeira
1453,12057.92495784509,12795.0,43084.66038279832,10304.0,sujeira
1764,4647.722862075607,6017.5,7466.0253701249985,4416.5,sujeira
1581,8699.99862222839,10017.0,22529.200090858852,8043.0,sujeira
890,2984.9920527404734,3648.0,3708.4131701723413,2952.0,sujeira
1928,4028.593497319592,4937.0,5955.789954788728,3526.5,sujeira
6480,2156.8350460752645,2858.0,5687.094242331224,1642.0,sujeira
26067,3963.0877217140414,5225.5,8168.173025307067,3354.5,sujeira
1420,4614.8490906579555,5900.5,6225.905315906651,4402.0,sujeira
2510,4062.3509708573843,5110.0,5601.390206475838,3809.0,sujeira
5407,2707.3135800642312,3740.0,6475.635680636015,2141.5,sujeira
6708,11071.683352934171,17500.0,28238.265245715666,10250.0,sujeira
1893,6003.394919555072,7354.0,10197.962237048536,5593.5,sujeira
2600,3785.6045869964855,4574.0,5184.418846442334,3441.5,sujeira
3752,3917.2212831199477,4628.0,7467.59584808571,3522.0,sujeira
18176,3554.730387302264,4371.0,5039.303707964373,3307.0,sujeira
1231,6513.69397340554,8640.0,9281.083725771785,6143.0,sujeira
1126,3377.04535434887,4355.0,4581.312305484925,3276.0,sujeira
2157,7692.8690870837,9183.5,17988.503816608965,7240.5,sujeira
